{
  "data_shape": [
    178554,
    40
  ],
  "train_shape": [
    3500,
    20,
    40
  ],
  "val_shape": [
    750,
    20,
    40
  ],
  "original": {
    "mse": 0.0003273736709275353,
    "rmse": 0.018093470394800863,
    "mae": 0.010582847183256602,
    "smape": 5.476418364042234,
    "r2": 0.9752755547900042,
    "anomalies": 38,
    "ratio": 0.050666666666666665,
    "threshold": 0.0018026281034835125,
    "mean_reconstruction_error": 0.0003273736709275353
  },
  "enhanced": {
    "mse": 0.004250406690226181,
    "rmse": 0.06519514314905812,
    "mae": 0.04039401696045402,
    "smape": 22.364916377749978,
    "r2": 0.6789938939348652,
    "anomalies": 38,
    "ratio": 0.050666666666666665,
    "threshold": 0.015033375808357407,
    "mean_reconstruction_error": 0.004250406690226181,
    "mean_dynamic_weight": 0.49436572194099426,
    "std_dynamic_weight": 5.4012092732591555e-05,
    "min_dynamic_weight": 0.4943207800388336,
    "max_dynamic_weight": 0.49485835433006287
  },
  "feature_importance": {
    "co2": 0.2035430371761322,
    "voc": 0.2046961933374405,
    "temperature": 0.18889378011226654,
    "humidity": 0.21038395166397095,
    "dust": 0.19248320162296295
  },
  "ablation": {
    "base_tcn": 0.0003273032336014494,
    "tcn_mc": 0.00032716505674264756,
    "enhanced_no_dynamic": 0.004246024944463733,
    "full_enhanced": 0.004247583132348512,
    "mc_vs_base": 0.042216771671163666,
    "enhanced_vs_mc": -1198.2997556764496,
    "full_vs_base": -1197.7516554329886
  }
}